,Call_ID,Time,Activity,#_in_FNOL_Que
0,1,1,join_fnol_que,0
1,1,1,start_fnol,0
2,2,2,join_fnol_que,0
3,2,2,start_fnol,0
4,3,3,join_fnol_que,0
5,4,3,join_fnol_que,0
6,5,3,join_fnol_que,0
7,3,3,start_fnol,0
8,4,3,start_fnol,0
9,5,3,start_fnol,0
10,6,4,join_fnol_que,0
11,7,4,join_fnol_que,1
12,8,4,join_fnol_que,2
13,2,4.885641525,end_fnol,3
14,2,4.885641525,redirected_to_other_dept,3
15,6,4.885641525,start_fnol,2
16,9,5,join_fnol_que,2
17,10,5,join_fnol_que,3
18,1,5.049110275,end_fnol,4
19,1,5.049110275,join_adj_que,4
20,1,5.049110275,start_adj,3
21,7,5.049110275,start_fnol,3
22,3,5.839725819,end_fnol,3
23,3,5.839725819,join_adj_que,3
24,3,5.839725819,start_adj,2
25,8,5.839725819,start_fnol,2
26,4,5.93768015,end_fnol,2
27,4,5.93768015,redirected_to_other_dept,2
28,9,5.93768015,start_fnol,1
29,5,6.504339137,end_fnol,1
30,5,6.504339137,redirected_to_other_dept,1
31,10,6.504339137,start_fnol,0
32,11,7,join_fnol_que,0
33,8,8.084787865,end_fnol,1
34,8,8.084787865,redirected_to_other_dept,1
35,11,8.084787865,start_fnol,0
36,7,8.410884754,end_fnol,0
37,7,8.410884754,redirected_to_other_dept,0
38,12,9,join_fnol_que,0
39,13,9,join_fnol_que,0
40,14,9,join_fnol_que,1
41,12,9,start_fnol,2
42,6,9.091428677,end_fnol,2
43,6,9.091428677,redirected_to_other_dept,2
44,13,9.091428677,start_fnol,1
45,10,9.112187729,end_fnol,1
46,10,9.112187729,join_adj_que,1
47,10,9.112187729,start_adj,0
48,14,9.112187729,start_fnol,0
49,3,9.559932769,end_adj,0
50,9,9.626862511,end_fnol,0
51,9,9.626862511,join_adj_que,0
52,9,9.626862511,start_adj,0
53,15,10,join_fnol_que,0
54,15,10,start_fnol,0
55,14,11.15495153,end_fnol,0
56,14,11.15495153,join_adj_que,0
57,14,11.15495153,start_adj,0
58,13,11.68523542,end_fnol,0
59,13,11.68523542,redirected_to_other_dept,0
60,11,11.90304196,end_fnol,0
61,11,11.90304196,redirected_to_other_dept,0
62,16,12,join_fnol_que,0
63,16,12,start_fnol,0
64,10,12.4975982,end_adj,0
65,12,13.41088236,end_fnol,0
66,12,13.41088236,join_adj_que,0
67,12,13.41088236,start_adj,0
68,15,13.77452225,end_fnol,0
69,15,13.77452225,redirected_to_other_dept,0
70,16,13.81114102,end_fnol,0
71,16,13.81114102,join_adj_que,0
72,16,13.81114102,start_adj,0
73,17,14,join_fnol_que,0
74,17,14,start_fnol,0
75,1,14.63752939,end_adj,0
76,12,15.58647243,end_adj,0
77,16,15.81114102,end_adj,0
78,18,16,join_fnol_que,0
79,18,16,start_fnol,0
80,19,17,join_fnol_que,0
81,20,17,join_fnol_que,0
82,19,17,start_fnol,0
83,20,17,start_fnol,0
84,17,17.25586925,end_fnol,0
85,17,17.25586925,redirected_to_other_dept,0
86,21,18,join_fnol_que,0
87,21,18,start_fnol,0
88,22,19,join_fnol_que,0
89,23,19,join_fnol_que,0
90,24,19,join_fnol_que,1
91,22,19,start_fnol,2
92,18,19.10040548,end_fnol,2
93,18,19.10040548,redirected_to_other_dept,2
94,23,19.10040548,start_fnol,1
95,9,19.29793124,end_adj,1
96,20,19.51784767,end_fnol,1
97,20,19.51784767,join_adj_que,1
98,20,19.51784767,start_adj,0
99,24,19.51784767,start_fnol,0
100,19,19.70921466,end_fnol,0
101,19,19.70921466,redirected_to_other_dept,0
102,14,19.89103279,end_adj,0
103,21,20.20456372,end_fnol,0
104,21,20.20456372,join_adj_que,0
105,21,20.20456372,start_adj,0
106,25,21,join_fnol_que,0
107,25,21,start_fnol,0
108,24,21.02714027,end_fnol,0
109,24,21.02714027,join_adj_que,0
110,24,21.02714027,start_adj,0
111,23,21.37536618,end_fnol,0
112,23,21.37536618,redirected_to_other_dept,0
113,26,22,join_fnol_que,0
114,26,22,start_fnol,0
115,25,23.16380548,end_fnol,0
116,25,23.16380548,redirected_to_other_dept,0
117,20,23.18021411,end_adj,0
118,22,23.51388386,end_fnol,0
119,22,23.51388386,redirected_to_other_dept,0
120,26,23.63301539,end_fnol,0
121,26,23.63301539,redirected_to_other_dept,0
122,21,23.93443658,end_adj,0
123,27,24,join_fnol_que,0
124,28,24,join_fnol_que,0
125,27,24,start_fnol,0
126,28,24,start_fnol,0
127,29,25,join_fnol_que,0
128,29,25,start_fnol,0
129,27,25.39961695,end_fnol,0
130,27,25.39961695,join_adj_que,0
131,27,25.39961695,start_adj,0
132,30,26,join_fnol_que,0
133,30,26,start_fnol,0
134,28,26.42971197,end_fnol,0
135,28,26.42971197,redirected_to_other_dept,0
136,27,27.39961695,end_adj,0
137,30,27.62146268,end_fnol,0
138,30,27.62146268,redirected_to_other_dept,0
139,31,29,join_fnol_que,0
140,32,29,join_fnol_que,0
141,31,29,start_fnol,0
142,32,29,start_fnol,0
143,29,29.41476738,end_fnol,0
144,29,29.41476738,join_adj_que,0
145,29,29.41476738,start_adj,0
146,32,30.25313423,end_fnol,0
147,32,30.25313423,redirected_to_other_dept,0
148,24,31.02714027,end_adj,0
149,29,31.41476738,end_adj,0
150,31,31.45044377,end_fnol,0
151,31,31.45044377,redirected_to_other_dept,0
152,33,33,join_fnol_que,0
153,33,33,start_fnol,0
154,34,34,join_fnol_que,0
155,35,34,join_fnol_que,0
156,36,34,join_fnol_que,0
157,34,34,start_fnol,0
158,35,34,start_fnol,0
159,36,34,start_fnol,0
160,37,35,join_fnol_que,0
161,37,35,start_fnol,0
162,38,36,join_fnol_que,0
163,39,36,join_fnol_que,1
164,34,36.09445504,end_fnol,2
165,34,36.09445504,redirected_to_other_dept,2
166,38,36.09445504,start_fnol,1
167,37,36.19524599,end_fnol,1
168,37,36.19524599,join_adj_que,1
169,37,36.19524599,start_adj,0
170,39,36.19524599,start_fnol,0
171,33,36.48569041,end_fnol,0
172,33,36.48569041,join_adj_que,0
173,33,36.48569041,start_adj,0
174,36,36.82901651,end_fnol,0
175,36,36.82901651,redirected_to_other_dept,0
176,40,37,join_fnol_que,0
177,41,37,join_fnol_que,0
178,40,37,start_fnol,0
179,41,37,start_fnol,0
180,35,37.32757747,end_fnol,0
181,35,37.32757747,join_adj_que,0
182,35,37.32757747,start_adj,0
183,40,38.53275722,end_fnol,0
184,40,38.53275722,redirected_to_other_dept,0
185,39,38.94727751,end_fnol,0
186,39,38.94727751,redirected_to_other_dept,0
187,37,39.80407147,end_adj,0
188,42,40,join_fnol_que,0
189,43,40,join_fnol_que,0
190,44,40,join_fnol_que,0
191,42,40,start_fnol,0
192,45,40,join_fnol_que,0
193,43,40,start_fnol,1
194,44,40,start_fnol,1
195,41,40.70321596,end_fnol,1
196,41,40.70321596,join_adj_que,1
197,41,40.70321596,start_adj,0
198,45,40.70321596,start_fnol,0
199,38,40.95262936,end_fnol,0
200,38,40.95262936,redirected_to_other_dept,0
201,44,41.12642932,end_fnol,0
202,44,41.12642932,join_adj_que,0
203,44,41.12642932,start_adj,0
204,42,41.88800831,end_fnol,0
205,42,41.88800831,join_adj_que,0
206,42,41.88800831,start_adj,0
207,41,42.70321596,end_adj,0
208,46,43,join_fnol_que,0
209,46,43,start_fnol,0
210,33,43.63146291,end_adj,0
211,43,44.43325861,end_fnol,0
212,43,44.43325861,redirected_to_other_dept,0
213,45,44.93038253,end_fnol,0
214,45,44.93038253,redirected_to_other_dept,0
215,47,45,join_fnol_que,0
216,47,45,start_fnol,0
217,48,46,join_fnol_que,0
218,48,46,start_fnol,0
219,49,47,join_fnol_que,0
220,50,47,join_fnol_que,0
221,49,47,start_fnol,0
222,50,47,start_fnol,0
223,35,47.32757747,end_adj,0
224,46,47.53885983,end_fnol,0
225,46,47.53885983,redirected_to_other_dept,0
226,51,48,join_fnol_que,0
227,51,48,start_fnol,0
228,52,49,join_fnol_que,0
229,47,49.21582227,end_fnol,1
230,47,49.21582227,redirected_to_other_dept,1
231,52,49.21582227,start_fnol,0
232,42,49.22359031,end_adj,0
233,48,49.43031234,end_fnol,0
234,48,49.43031234,redirected_to_other_dept,0
235,50,49.85579501,end_fnol,0
236,50,49.85579501,redirected_to_other_dept,0
237,53,50,join_fnol_que,0
238,53,50,start_fnol,0
239,44,50.33723555,end_adj,0
240,49,50.43092781,end_fnol,0
241,49,50.43092781,join_adj_que,0
242,49,50.43092781,start_adj,0
243,51,51.71290901,end_fnol,0
244,51,51.71290901,redirected_to_other_dept,0
245,54,52,join_fnol_que,0
246,55,52,join_fnol_que,0
247,54,52,start_fnol,0
248,55,52,start_fnol,0
249,52,52.56942291,end_fnol,0
250,52,52.56942291,redirected_to_other_dept,0
251,53,54.68654285,end_fnol,0
252,53,54.68654285,redirected_to_other_dept,0
253,56,55,join_fnol_que,0
254,57,55,join_fnol_que,0
255,58,55,join_fnol_que,0
256,56,55,start_fnol,0
257,57,55,start_fnol,0
258,58,55,start_fnol,0
259,55,55.39738158,end_fnol,0
260,55,55.39738158,join_adj_que,0
261,55,55.39738158,start_adj,0
262,54,56.35012843,end_fnol,0
263,54,56.35012843,join_adj_que,0
264,54,56.35012843,start_adj,0
265,59,57,join_fnol_que,0
266,60,57,join_fnol_que,0
267,59,57,start_fnol,0
268,60,57,start_fnol,0
269,55,57.39738158,end_adj,0
270,58,57.59876239,end_fnol,0
271,58,57.59876239,redirected_to_other_dept,0
272,61,58,join_fnol_que,0
273,61,58,start_fnol,0
274,60,58.24924068,end_fnol,0
275,60,58.24924068,join_adj_que,0
276,60,58.24924068,start_adj,0
277,56,58.8081411,end_fnol,0
278,56,58.8081411,redirected_to_other_dept,0
279,62,59,join_fnol_que,0
280,62,59,start_fnol,0
281,54,59.25898882,end_adj,0
282,57,59.69023075,end_fnol,0
283,57,59.69023075,redirected_to_other_dept,0
284,60,60.24924068,end_adj,0
285,61,60.29316782,end_fnol,0
286,61,60.29316782,join_adj_que,0
287,61,60.29316782,start_adj,0
288,49,60.43092781,end_adj,0
289,59,60.67178744,end_fnol,0
290,59,60.67178744,redirected_to_other_dept,0
291,63,61,join_fnol_que,0
292,64,61,join_fnol_que,0
293,63,61,start_fnol,0
294,64,61,start_fnol,0
295,65,62,join_fnol_que,0
296,65,62,start_fnol,0
297,64,62.26841021,end_fnol,0
298,64,62.26841021,redirected_to_other_dept,0
299,61,62.29316782,end_adj,0
300,66,63,join_fnol_que,0
301,66,63,start_fnol,0
302,62,63.81402757,end_fnol,0
303,62,63.81402757,redirected_to_other_dept,0
304,67,64,join_fnol_que,0
305,67,64,start_fnol,0
306,63,64.10857165,end_fnol,0
307,63,64.10857165,redirected_to_other_dept,0
308,65,64.27908364,end_fnol,0
309,65,64.27908364,join_adj_que,0
310,65,64.27908364,start_adj,0
311,68,66,join_fnol_que,0
312,68,66,start_fnol,0
313,69,67,join_fnol_que,0
314,69,67,start_fnol,0
315,66,67.19184545,end_fnol,0
316,66,67.19184545,redirected_to_other_dept,0
317,70,68,join_fnol_que,0
318,71,68,join_fnol_que,0
319,70,68,start_fnol,0
320,71,68,start_fnol,0
321,68,68.07358068,end_fnol,0
322,68,68.07358068,join_adj_que,0
323,68,68.07358068,start_adj,0
324,67,68.47662988,end_fnol,0
325,67,68.47662988,redirected_to_other_dept,0
326,69,68.82521468,end_fnol,0
327,69,68.82521468,redirected_to_other_dept,0
328,72,70,join_fnol_que,0
329,72,70,start_fnol,0
330,68,70.07358068,end_adj,0
331,70,70.14430731,end_fnol,0
332,70,70.14430731,redirected_to_other_dept,0
333,71,71.72486901,end_fnol,0
334,71,71.72486901,redirected_to_other_dept,0
335,73,72,join_fnol_que,0
336,74,72,join_fnol_que,0
337,73,72,start_fnol,0
338,74,72,start_fnol,0
339,75,73,join_fnol_que,0
340,76,73,join_fnol_que,0
341,77,73,join_fnol_que,0
342,75,73,start_fnol,1
343,76,73,start_fnol,1
344,72,73.75305508,end_fnol,1
345,72,73.75305508,redirected_to_other_dept,1
346,77,73.75305508,start_fnol,0
347,78,74,join_fnol_que,0
348,73,74.05665834,end_fnol,1
349,73,74.05665834,join_adj_que,1
350,73,74.05665834,start_adj,0
351,78,74.05665834,start_fnol,0
352,65,74.27908364,end_adj,0
353,79,75,join_fnol_que,0
354,80,75,join_fnol_que,1
355,78,75.20770052,end_fnol,2
356,78,75.20770052,redirected_to_other_dept,2
357,79,75.20770052,start_fnol,1
358,77,75.24295989,end_fnol,1
359,77,75.24295989,join_adj_que,1
360,77,75.24295989,start_adj,0
361,80,75.24295989,start_fnol,0
362,81,76,join_fnol_que,0
363,82,76,join_fnol_que,1
364,83,76,join_fnol_que,2
365,74,76.10901361,end_fnol,3
366,74,76.10901361,join_adj_que,3
367,74,76.10901361,start_adj,2
368,81,76.10901361,start_fnol,2
369,75,76.96546238,end_fnol,2
370,75,76.96546238,redirected_to_other_dept,2
371,82,76.96546238,start_fnol,1
372,79,77.03557864,end_fnol,1
373,79,77.03557864,join_adj_que,1
374,79,77.03557864,start_adj,0
375,83,77.03557864,start_fnol,0
376,77,77.49564187,end_adj,0
377,76,77.75832952,end_fnol,0
378,76,77.75832952,redirected_to_other_dept,0
379,82,78.03595565,end_fnol,0
380,82,78.03595565,redirected_to_other_dept,0
381,74,78.10901361,end_adj,0
382,84,79,join_fnol_que,0
383,85,79,join_fnol_que,0
384,84,79,start_fnol,0
385,85,79,start_fnol,0
386,73,79.56766749,end_adj,0
387,83,80.1022674,end_fnol,0
388,83,80.1022674,redirected_to_other_dept,0
389,80,80.17205368,end_fnol,0
390,80,80.17205368,redirected_to_other_dept,0
391,81,80.75636727,end_fnol,0
392,81,80.75636727,join_adj_que,0
393,81,80.75636727,start_adj,0
394,86,81,join_fnol_que,0
395,87,81,join_fnol_que,0
396,86,81,start_fnol,0
397,87,81,start_fnol,0
398,88,82,join_fnol_que,0
399,88,82,start_fnol,0
400,85,82.15652621,end_fnol,0
401,85,82.15652621,redirected_to_other_dept,0
402,86,82.60910025,end_fnol,0
403,86,82.60910025,redirected_to_other_dept,0
404,81,82.75636727,end_adj,0
405,84,82.96551627,end_fnol,0
406,84,82.96551627,join_adj_que,0
407,84,82.96551627,start_adj,0
408,89,83,join_fnol_que,0
409,89,83,start_fnol,0
410,90,84,join_fnol_que,0
411,91,84,join_fnol_que,0
412,92,84,join_fnol_que,0
413,90,84,start_fnol,1
414,91,84,start_fnol,1
415,87,84.73839939,end_fnol,1
416,87,84.73839939,redirected_to_other_dept,1
417,92,84.73839939,start_fnol,0
418,84,84.96551627,end_adj,0
419,93,85,join_fnol_que,0
420,94,85,join_fnol_que,1
421,95,86,join_fnol_que,2
422,88,86.19617981,end_fnol,3
423,88,86.19617981,join_adj_que,3
424,88,86.19617981,start_adj,2
425,93,86.19617981,start_fnol,2
426,90,86.69439264,end_fnol,2
427,90,86.69439264,join_adj_que,2
428,90,86.69439264,start_adj,1
429,94,86.69439264,start_fnol,1
430,96,87,join_fnol_que,1
431,97,87,join_fnol_que,2
432,79,87.03557864,end_adj,3
433,91,87.26150613,end_fnol,3
434,91,87.26150613,redirected_to_other_dept,3
435,95,87.26150613,start_fnol,2
436,92,87.6132847,end_fnol,2
437,92,87.6132847,redirected_to_other_dept,2
438,96,87.6132847,start_fnol,1
439,89,87.77334094,end_fnol,1
440,89,87.77334094,join_adj_que,1
441,89,87.77334094,start_adj,0
442,97,87.77334094,start_fnol,0
443,94,88.35392023,end_fnol,0
444,94,88.35392023,redirected_to_other_dept,0
445,93,88.65335108,end_fnol,0
446,93,88.65335108,redirected_to_other_dept,0
447,98,89,join_fnol_que,0
448,98,89,start_fnol,0
449,89,89.77334094,end_adj,0
450,90,89.84400126,end_adj,0
451,99,90,join_fnol_que,0
452,99,90,start_fnol,0
453,95,90.34271548,end_fnol,0
454,95,90.34271548,redirected_to_other_dept,0
455,100,91,join_fnol_que,0
456,100,91,start_fnol,0
457,96,91.60491346,end_fnol,0
458,96,91.60491346,redirected_to_other_dept,0
459,88,91.7490118,end_adj,0
460,98,92.16980393,end_fnol,0
461,98,92.16980393,redirected_to_other_dept,0
462,97,92.6549955,end_fnol,0
463,97,92.6549955,redirected_to_other_dept,0
464,99,93.79455596,end_fnol,0
465,99,93.79455596,redirected_to_other_dept,0
466,100,94.15608924,end_fnol,0
467,100,94.15608924,redirected_to_other_dept,0
468,101,95,join_fnol_que,0
469,101,95,start_fnol,0
470,102,96,join_fnol_que,0
471,102,96,start_fnol,0
472,103,97,join_fnol_que,0
473,104,97,join_fnol_que,0
474,103,97,start_fnol,0
475,104,97,start_fnol,0
476,105,98,join_fnol_que,0
477,106,98,join_fnol_que,0
478,107,98,join_fnol_que,1
479,105,98,start_fnol,2
480,108,98,join_fnol_que,2
481,109,98,join_fnol_que,3
482,101,98.45844858,end_fnol,4
483,101,98.45844858,redirected_to_other_dept,4
484,106,98.45844858,start_fnol,3
485,104,98.74046407,end_fnol,3
486,104,98.74046407,redirected_to_other_dept,3
487,107,98.74046407,start_fnol,2
488,110,99,join_fnol_que,2
489,103,99.68423714,end_fnol,3
490,103,99.68423714,join_adj_que,3
491,103,99.68423714,start_adj,2
492,108,99.68423714,start_fnol,2
493,111,100,join_fnol_que,2
494,102,100.7152093,end_fnol,3
495,102,100.7152093,join_adj_que,3
496,102,100.7152093,start_adj,2
497,109,100.7152093,start_fnol,2
498,112,101,join_fnol_que,2
499,107,101.6388934,end_fnol,3
500,107,101.6388934,redirected_to_other_dept,3
501,110,101.6388934,start_fnol,2
502,106,101.7089334,end_fnol,2
503,106,101.7089334,redirected_to_other_dept,2
504,111,101.7089334,start_fnol,1
505,113,102,join_fnol_que,1
506,114,102,join_fnol_que,2
507,115,102,join_fnol_que,3
508,102,102.7152093,end_adj,4
509,105,102.9589285,end_fnol,4
510,105,102.9589285,redirected_to_other_dept,4
511,112,102.9589285,start_fnol,3
512,116,103,join_fnol_que,3
513,108,103.5620873,end_fnol,4
514,108,103.5620873,redirected_to_other_dept,4
515,113,103.5620873,start_fnol,3
516,109,103.6279628,end_fnol,3
517,109,103.6279628,redirected_to_other_dept,3
518,114,103.6279628,start_fnol,2
519,117,104,join_fnol_que,2
520,118,104,join_fnol_que,3
521,110,104.4330417,end_fnol,4
522,110,104.4330417,redirected_to_other_dept,4
523,115,104.4330417,start_fnol,3
524,119,106,join_fnol_que,3
525,115,106.325057,end_fnol,4
526,115,106.325057,redirected_to_other_dept,4
527,116,106.325057,start_fnol,3
528,111,106.3981944,end_fnol,3
529,111,106.3981944,join_adj_que,3
530,111,106.3981944,start_adj,2
531,117,106.3981944,start_fnol,2
532,113,106.6487272,end_fnol,2
533,113,106.6487272,redirected_to_other_dept,2
534,118,106.6487272,start_fnol,1
535,116,107.5178128,end_fnol,1
536,116,107.5178128,redirected_to_other_dept,1
537,119,107.5178128,start_fnol,0
538,112,107.5851048,end_fnol,0
539,112,107.5851048,redirected_to_other_dept,0
540,114,107.6593329,end_fnol,0
541,114,107.6593329,redirected_to_other_dept,0
542,120,108,join_fnol_que,0
543,120,108,start_fnol,0
544,111,108.3981944,end_adj,0
545,119,109.0091314,end_fnol,0
546,119,109.0091314,join_adj_que,0
547,119,109.0091314,start_adj,0
548,103,109.6842371,end_adj,0
549,121,110,join_fnol_que,0
550,121,110,start_fnol,0
551,120,110.6219958,end_fnol,0
552,120,110.6219958,redirected_to_other_dept,0
553,118,111.1568195,end_fnol,0
554,118,111.1568195,redirected_to_other_dept,0
555,117,111.3236642,end_fnol,0
556,117,111.3236642,redirected_to_other_dept,0
557,122,112,join_fnol_que,0
558,122,112,start_fnol,0
559,119,112.7843963,end_adj,0
560,123,113,join_fnol_que,0
561,124,113,join_fnol_que,0
562,123,113,start_fnol,0
563,124,113,start_fnol,0
564,121,113.6312252,end_fnol,0
565,121,113.6312252,redirected_to_other_dept,0
566,125,114,join_fnol_que,0
567,126,114,join_fnol_que,0
568,125,114,start_fnol,0
569,126,114,start_fnol,0
570,123,114.1191803,end_fnol,0
571,123,114.1191803,redirected_to_other_dept,0
572,127,115,join_fnol_que,0
573,128,115,join_fnol_que,0
574,127,115,start_fnol,1
575,126,115.4282523,end_fnol,1
576,126,115.4282523,redirected_to_other_dept,1
577,128,115.4282523,start_fnol,0
578,125,115.9879936,end_fnol,0
579,125,115.9879936,join_adj_que,0
580,125,115.9879936,start_adj,0
581,122,116.4250951,end_fnol,0
582,122,116.4250951,join_adj_que,0
583,122,116.4250951,start_adj,0
584,129,117,join_fnol_que,0
585,129,117,start_fnol,0
586,128,117.3576165,end_fnol,0
587,128,117.3576165,redirected_to_other_dept,0
588,124,117.5700641,end_fnol,0
589,124,117.5700641,join_adj_que,0
590,124,117.5700641,start_adj,0
591,125,117.9879936,end_adj,0
592,127,118.3300863,end_fnol,0
593,127,118.3300863,redirected_to_other_dept,0
594,130,119,join_fnol_que,0
595,130,119,start_fnol,0
596,129,119.4577034,end_fnol,0
597,129,119.4577034,redirected_to_other_dept,0
598,131,120,join_fnol_que,0
599,131,120,start_fnol,0
600,130,120.1704351,end_fnol,0
601,130,120.1704351,redirected_to_other_dept,0
602,132,121,join_fnol_que,0
603,132,121,start_fnol,0
604,124,121.9020468,end_adj,0
605,131,121.9171313,end_fnol,0
606,131,121.9171313,redirected_to_other_dept,0
607,133,123,join_fnol_que,0
608,133,123,start_fnol,0
609,132,124.1975626,end_fnol,0
610,132,124.1975626,redirected_to_other_dept,0
611,134,125,join_fnol_que,0
612,134,125,start_fnol,0
613,133,125.9907501,end_fnol,0
614,133,125.9907501,redirected_to_other_dept,0
615,122,126.4250951,end_adj,0
616,135,127,join_fnol_que,0
617,135,127,start_fnol,0
618,136,128,join_fnol_que,0
619,136,128,start_fnol,0
620,135,128.4814524,end_fnol,0
621,135,128.4814524,join_adj_que,0
622,135,128.4814524,start_adj,0
623,134,128.5092369,end_fnol,0
624,134,128.5092369,redirected_to_other_dept,0
625,137,129,join_fnol_que,0
626,137,129,start_fnol,0
627,136,129.3033986,end_fnol,0
628,136,129.3033986,redirected_to_other_dept,0
629,138,130,join_fnol_que,0
630,138,130,start_fnol,0
631,137,130.4808714,end_fnol,0
632,137,130.4808714,join_adj_que,0
633,137,130.4808714,start_adj,0
634,139,131,join_fnol_que,0
635,140,131,join_fnol_que,0
636,139,131,start_fnol,0
637,140,131,start_fnol,0
638,141,132,join_fnol_que,0
639,142,132,join_fnol_que,0
640,141,132,start_fnol,0
641,142,132,start_fnol,0
642,135,132.7977854,end_adj,0
643,138,132.8993502,end_fnol,0
644,138,132.8993502,join_adj_que,0
645,138,132.8993502,start_adj,0
646,143,133,join_fnol_que,0
647,143,133,start_fnol,0
648,140,133.2515688,end_fnol,0
649,140,133.2515688,redirected_to_other_dept,0
650,144,134,join_fnol_que,0
651,144,134,start_fnol,0
652,139,134.8958955,end_fnol,0
653,139,134.8958955,redirected_to_other_dept,0
654,138,134.8993502,end_adj,0
655,143,135.0540148,end_fnol,0
656,143,135.0540148,join_adj_que,0
657,143,135.0540148,start_adj,0
658,141,135.4414566,end_fnol,0
659,141,135.4414566,join_adj_que,0
660,141,135.4414566,start_adj,0
661,137,135.6972379,end_adj,0
662,142,136.45715,end_fnol,0
663,142,136.45715,redirected_to_other_dept,0
664,145,137,join_fnol_que,0
665,145,137,start_fnol,0
666,144,137.0179128,end_fnol,0
667,144,137.0179128,join_adj_que,0
668,144,137.0179128,start_adj,0
669,146,138,join_fnol_que,0
670,146,138,start_fnol,0
671,145,138.3656261,end_fnol,0
672,145,138.3656261,redirected_to_other_dept,0
673,147,139,join_fnol_que,0
674,147,139,start_fnol,0
675,148,140,join_fnol_que,0
676,148,140,start_fnol,0
677,143,140.577156,end_adj,0
678,149,141,join_fnol_que,0
679,150,141,join_fnol_que,0
680,149,141,start_fnol,0
681,150,141,start_fnol,0
682,146,141.0287402,end_fnol,0
683,146,141.0287402,redirected_to_other_dept,0
684,147,141.6703136,end_fnol,0
685,147,141.6703136,join_adj_que,0
686,147,141.6703136,start_adj,0
687,150,142.0404101,end_fnol,0
688,150,142.0404101,redirected_to_other_dept,0
689,151,143,join_fnol_que,0
690,152,143,join_fnol_que,0
691,151,143,start_fnol,0
692,152,143,start_fnol,0
693,141,143.9227187,end_adj,0
694,148,144.0593097,end_fnol,0
695,148,144.0593097,redirected_to_other_dept,0
696,144,144.9308101,end_adj,0
697,153,145,join_fnol_que,0
698,153,145,start_fnol,0
699,149,145.5304104,end_fnol,0
700,149,145.5304104,redirected_to_other_dept,0
701,154,146,join_fnol_que,0
702,154,146,start_fnol,0
703,155,147,join_fnol_que,0
704,156,147,join_fnol_que,0
705,155,147,start_fnol,1
706,152,147.0467292,end_fnol,1
707,152,147.0467292,redirected_to_other_dept,1
708,156,147.0467292,start_fnol,0
709,151,147.9371924,end_fnol,0
710,151,147.9371924,redirected_to_other_dept,0
711,157,148,join_fnol_que,0
712,158,148,join_fnol_que,0
713,159,148,join_fnol_que,1
714,157,148,start_fnol,2
715,160,148,join_fnol_que,2
716,161,149,join_fnol_que,3
717,153,149.0301302,end_fnol,4
718,153,149.0301302,join_adj_que,4
719,153,149.0301302,start_adj,3
720,158,149.0301302,start_fnol,3
721,156,150.1923038,end_fnol,3
722,156,150.1923038,join_adj_que,3
723,156,150.1923038,start_adj,2
724,159,150.1923038,start_fnol,2
725,158,150.4116901,end_fnol,2
726,158,150.4116901,redirected_to_other_dept,2
727,160,150.4116901,start_fnol,1
728,154,150.5142453,end_fnol,1
729,154,150.5142453,redirected_to_other_dept,1
730,161,150.5142453,start_fnol,0
731,162,151,join_fnol_que,0
732,155,151.5335139,end_fnol,1
733,155,151.5335139,redirected_to_other_dept,1
734,162,151.5335139,start_fnol,0
735,147,151.6703136,end_adj,0
736,153,151.8055322,end_adj,0
737,159,152.2603611,end_fnol,0
738,159,152.2603611,redirected_to_other_dept,0
739,157,152.3237275,end_fnol,0
740,157,152.3237275,redirected_to_other_dept,0
741,163,153,join_fnol_que,0
742,163,153,start_fnol,0
743,160,153.8706699,end_fnol,0
744,160,153.8706699,redirected_to_other_dept,0
745,156,154.2367365,end_adj,0
746,161,154.3919227,end_fnol,0
747,161,154.3919227,redirected_to_other_dept,0
748,162,154.6394664,end_fnol,0
749,162,154.6394664,redirected_to_other_dept,0
750,164,155,join_fnol_que,0
751,164,155,start_fnol,0
752,165,156,join_fnol_que,0
753,165,156,start_fnol,0
754,166,157,join_fnol_que,0
755,167,157,join_fnol_que,0
756,166,157,start_fnol,0
757,167,157,start_fnol,0
758,163,157.4658308,end_fnol,0
759,163,157.4658308,redirected_to_other_dept,0
760,165,158.485766,end_fnol,0
761,165,158.485766,redirected_to_other_dept,0
762,166,158.7882855,end_fnol,0
763,166,158.7882855,join_adj_que,0
764,166,158.7882855,start_adj,0
765,168,159,join_fnol_que,0
766,168,159,start_fnol,0
767,164,159.6187297,end_fnol,0
768,164,159.6187297,redirected_to_other_dept,0
769,166,160.7882855,end_adj,0
770,167,161.7145352,end_fnol,0
771,167,161.7145352,join_adj_que,0
772,167,161.7145352,start_adj,0
773,169,162,join_fnol_que,0
774,169,162,start_fnol,0
775,170,163,join_fnol_que,0
776,171,163,join_fnol_que,0
777,172,163,join_fnol_que,0
778,170,163,start_fnol,0
779,171,163,start_fnol,0
780,172,163,start_fnol,0
781,168,163.447603,end_fnol,0
782,168,163.447603,join_adj_que,0
783,168,163.447603,start_adj,0
784,169,163.4533625,end_fnol,0
785,169,163.4533625,redirected_to_other_dept,0
786,173,165,join_fnol_que,0
787,173,165,start_fnol,0
788,168,165.5675884,end_adj,0
789,171,165.7127815,end_fnol,0
790,171,165.7127815,redirected_to_other_dept,0
791,172,166.4545999,end_fnol,0
792,172,166.4545999,redirected_to_other_dept,0
793,170,167.7188503,end_fnol,0
794,170,167.7188503,redirected_to_other_dept,0
795,174,168,join_fnol_que,0
796,174,168,start_fnol,0
797,167,168.2812214,end_adj,0
798,175,169,join_fnol_que,0
799,176,169,join_fnol_que,0
800,175,169,start_fnol,0
801,176,169,start_fnol,0
802,173,169.8424323,end_fnol,0
803,173,169.8424323,redirected_to_other_dept,0
804,177,170,join_fnol_que,0
805,177,170,start_fnol,0
806,178,171,join_fnol_que,0
807,178,171,start_fnol,0
808,174,171.0031728,end_fnol,0
809,174,171.0031728,redirected_to_other_dept,0
810,175,171.5451233,end_fnol,0
811,175,171.5451233,redirected_to_other_dept,0
812,179,173,join_fnol_que,0
813,179,173,start_fnol,0
814,176,173.4879759,end_fnol,0
815,176,173.4879759,redirected_to_other_dept,0
816,177,173.979535,end_fnol,0
817,177,173.979535,redirected_to_other_dept,0
818,180,174,join_fnol_que,0
819,181,174,join_fnol_que,0
820,180,174,start_fnol,0
821,181,174,start_fnol,0
822,178,174.7295759,end_fnol,0
823,178,174.7295759,redirected_to_other_dept,0
824,182,175,join_fnol_que,0
825,183,175,join_fnol_que,0
826,184,175,join_fnol_que,0
827,182,175,start_fnol,1
828,183,175,start_fnol,1
829,185,176,join_fnol_que,1
830,179,176.5356071,end_fnol,2
831,179,176.5356071,join_adj_que,2
832,179,176.5356071,start_adj,1
833,184,176.5356071,start_fnol,1
834,181,176.5622745,end_fnol,1
835,181,176.5622745,redirected_to_other_dept,1
836,185,176.5622745,start_fnol,0
837,186,177,join_fnol_que,0
838,187,177,join_fnol_que,1
839,183,177.3530139,end_fnol,2
840,183,177.3530139,redirected_to_other_dept,2
841,186,177.3530139,start_fnol,1
842,184,177.5854806,end_fnol,1
843,184,177.5854806,redirected_to_other_dept,1
844,187,177.5854806,start_fnol,0
845,188,178,join_fnol_que,0
846,180,178.0773701,end_fnol,1
847,180,178.0773701,join_adj_que,1
848,180,178.0773701,start_adj,0
849,188,178.0773701,start_fnol,0
850,182,178.432173,end_fnol,0
851,182,178.432173,redirected_to_other_dept,0
852,188,179.689399,end_fnol,0
853,188,179.689399,redirected_to_other_dept,0
854,185,180.2705577,end_fnol,0
855,185,180.2705577,redirected_to_other_dept,0
856,186,180.4922573,end_fnol,0
857,186,180.4922573,redirected_to_other_dept,0
858,187,180.7557659,end_fnol,0
859,187,180.7557659,redirected_to_other_dept,0
860,189,181,join_fnol_que,0
861,189,181,start_fnol,0
862,190,182,join_fnol_que,0
863,190,182,start_fnol,0
864,191,183,join_fnol_que,0
865,191,183,start_fnol,0
866,189,183.0367183,end_fnol,0
867,189,183.0367183,redirected_to_other_dept,0
868,190,183.3075662,end_fnol,0
869,190,183.3075662,join_adj_que,0
870,190,183.3075662,start_adj,0
871,179,183.9211338,end_adj,0
872,192,184,join_fnol_que,0
873,193,184,join_fnol_que,0
874,192,184,start_fnol,0
875,193,184,start_fnol,0
876,194,185,join_fnol_que,0
877,194,185,start_fnol,0
878,192,185.9448661,end_fnol,0
879,192,185.9448661,join_adj_que,0
880,192,185.9448661,start_adj,0
881,191,186.4885081,end_fnol,0
882,191,186.4885081,redirected_to_other_dept,0
883,195,187,join_fnol_que,0
884,195,187,start_fnol,0
885,190,187.3434886,end_adj,0
886,192,187.9448661,end_adj,0
887,180,188.0773701,end_adj,0
888,193,188.4691279,end_fnol,0
889,193,188.4691279,join_adj_que,0
890,193,188.4691279,start_adj,0
891,196,189,join_fnol_que,0
892,196,189,start_fnol,0
893,194,189.068431,end_fnol,0
894,194,189.068431,redirected_to_other_dept,0
895,197,190,join_fnol_que,0
896,197,190,start_fnol,0
897,195,190.4885083,end_fnol,0
898,195,190.4885083,join_adj_que,0
899,195,190.4885083,start_adj,0
900,198,191,join_fnol_que,0
901,199,191,join_fnol_que,0
902,200,191,join_fnol_que,0
903,198,191,start_fnol,0
904,201,191,join_fnol_que,0
905,199,191,start_fnol,1
906,202,191,join_fnol_que,1
907,200,191,start_fnol,2
908,196,191.9591864,end_fnol,2
909,196,191.9591864,join_adj_que,2
910,196,191.9591864,start_adj,1
911,201,191.9591864,start_fnol,1
912,197,192.0984177,end_fnol,1
913,197,192.0984177,redirected_to_other_dept,1
914,202,192.0984177,start_fnol,0
915,195,192.4885083,end_adj,0
916,200,192.9548437,end_fnol,0
917,200,192.9548437,join_adj_que,0
918,200,192.9548437,start_adj,0
919,203,193,join_fnol_que,0
920,204,193,join_fnol_que,0
921,203,193,start_fnol,1
922,193,194.1415207,end_adj,1
923,196,194.1450141,end_adj,1
924,201,194.1988048,end_fnol,1
925,201,194.1988048,redirected_to_other_dept,1
926,204,194.1988048,start_fnol,0
927,205,195,join_fnol_que,0
928,198,195.2069509,end_fnol,1
929,198,195.2069509,redirected_to_other_dept,1
930,205,195.2069509,start_fnol,0
931,200,195.7618395,end_adj,0
932,199,195.9540276,end_fnol,0
933,199,195.9540276,join_adj_que,0
934,199,195.9540276,start_adj,0
935,206,196,join_fnol_que,0
936,207,196,join_fnol_que,0
937,206,196,start_fnol,1
938,202,196.4408674,end_fnol,1
939,202,196.4408674,redirected_to_other_dept,1
940,207,196.4408674,start_fnol,0
941,203,196.7941421,end_fnol,0
942,203,196.7941421,join_adj_que,0
943,203,196.7941421,start_adj,0
944,204,197.8878012,end_fnol,0
945,204,197.8878012,redirected_to_other_dept,0
946,199,197.9540276,end_adj,0
947,208,198,join_fnol_que,0
948,208,198,start_fnol,0
949,203,198.7941421,end_adj,0
950,209,199,join_fnol_que,0
951,210,199,join_fnol_que,0
952,211,199,join_fnol_que,1
953,209,199,start_fnol,2
954,205,199.7232787,end_fnol,2
955,205,199.7232787,redirected_to_other_dept,2
956,210,199.7232787,start_fnol,1
957,206,200.4428974,end_fnol,1
958,206,200.4428974,join_adj_que,1
959,206,200.4428974,start_adj,0
960,211,200.4428974,start_fnol,0
961,207,201.4197536,end_fnol,0
962,207,201.4197536,join_adj_que,0
963,207,201.4197536,start_adj,0
964,211,201.8577955,end_fnol,0
965,211,201.8577955,redirected_to_other_dept,0
966,212,202,join_fnol_que,0
967,212,202,start_fnol,0
968,209,202.0746255,end_fnol,0
969,209,202.0746255,redirected_to_other_dept,0
970,208,202.5736341,end_fnol,0
971,208,202.5736341,redirected_to_other_dept,0
972,206,202.6532232,end_adj,0
973,213,204,join_fnol_que,0
974,214,204,join_fnol_que,0
975,215,204,join_fnol_que,0
976,213,204,start_fnol,0
977,214,204,start_fnol,0
978,215,204,start_fnol,0
979,210,204.5306196,end_fnol,0
980,210,204.5306196,redirected_to_other_dept,0
981,207,204.8146558,end_adj,0
982,212,205.0530223,end_fnol,0
983,212,205.0530223,join_adj_que,0
984,212,205.0530223,start_adj,0
985,213,206.6679526,end_fnol,0
986,213,206.6679526,redirected_to_other_dept,0
987,216,207,join_fnol_que,0
988,217,207,join_fnol_que,0
989,218,207,join_fnol_que,0
990,216,207,start_fnol,0
991,217,207,start_fnol,0
992,218,207,start_fnol,0
993,212,207.0530223,end_adj,0
994,215,207.5499304,end_fnol,0
995,215,207.5499304,redirected_to_other_dept,0
996,219,208,join_fnol_que,0
997,220,208,join_fnol_que,0
998,221,208,join_fnol_que,1
999,219,208,start_fnol,2
1000,214,208.5531303,end_fnol,2
1001,214,208.5531303,redirected_to_other_dept,2
1002,220,208.5531303,start_fnol,1
1003,222,209,join_fnol_que,1
1004,217,209.5566826,end_fnol,2
1005,217,209.5566826,redirected_to_other_dept,2
1006,221,209.5566826,start_fnol,1
1007,219,209.9325068,end_fnol,1
1008,219,209.9325068,redirected_to_other_dept,1
1009,222,209.9325068,start_fnol,0
1010,223,210,join_fnol_que,0
1011,218,210.5872799,end_fnol,1
1012,218,210.5872799,redirected_to_other_dept,1
1013,223,210.5872799,start_fnol,0
1014,221,211.1468674,end_fnol,0
1015,221,211.1468674,join_adj_que,0
1016,221,211.1468674,start_adj,0
1017,216,211.5113148,end_fnol,0
1018,216,211.5113148,redirected_to_other_dept,0
1019,222,211.861573,end_fnol,0
1020,222,211.861573,redirected_to_other_dept,0
1021,224,212,join_fnol_que,0
1022,224,212,start_fnol,0
1023,225,213,join_fnol_que,0
1024,226,213,join_fnol_que,0
1025,225,213,start_fnol,0
1026,226,213,start_fnol,0
1027,223,213.4110835,end_fnol,0
1028,223,213.4110835,redirected_to_other_dept,0
1029,220,213.5152858,end_fnol,0
1030,220,213.5152858,join_adj_que,0
1031,220,213.5152858,start_adj,0
1032,227,215,join_fnol_que,0
1033,227,215,start_fnol,0
1034,228,216,join_fnol_que,0
1035,228,216,start_fnol,0
1036,224,216.3015446,end_fnol,0
1037,224,216.3015446,redirected_to_other_dept,0
1038,227,216.4412889,end_fnol,0
1039,227,216.4412889,join_adj_que,0
1040,227,216.4412889,start_adj,0
1041,226,216.7616046,end_fnol,0
1042,226,216.7616046,join_adj_que,0
1043,226,216.7616046,start_adj,0
1044,225,217.9105458,end_fnol,0
1045,225,217.9105458,redirected_to_other_dept,0
1046,229,218,join_fnol_que,0
1047,229,218,start_fnol,0
1048,227,218.4412889,end_adj,0
1049,230,219,join_fnol_que,0
1050,230,219,start_fnol,0
1051,231,220,join_fnol_que,0
1052,232,220,join_fnol_que,0
1053,231,220,start_fnol,0
1054,232,220,start_fnol,0
1055,229,220.5183438,end_fnol,0
1056,229,220.5183438,join_adj_que,0
1057,229,220.5183438,start_adj,0
1058,228,220.8152694,end_fnol,0
1059,228,220.8152694,join_adj_que,0
1060,228,220.8152694,start_adj,0
1061,233,221,join_fnol_que,0
1062,234,221,join_fnol_que,0
1063,235,221,join_fnol_que,0
1064,233,221,start_fnol,1
1065,234,221,start_fnol,1
1066,221,221.1468674,end_adj,1
1067,232,221.2685142,end_fnol,1
1068,232,221.2685142,redirected_to_other_dept,1
1069,235,221.2685142,start_fnol,0
1070,226,221.6761385,end_adj,0
1071,234,222.4791364,end_fnol,0
1072,234,222.4791364,redirected_to_other_dept,0
1073,236,223,join_fnol_que,0
1074,236,223,start_fnol,0
1075,233,223.5045946,end_fnol,0
1076,233,223.5045946,redirected_to_other_dept,0
1077,220,223.5152858,end_adj,0
1078,230,223.5177442,end_fnol,0
1079,230,223.5177442,redirected_to_other_dept,0
1080,231,223.5907539,end_fnol,0
1081,231,223.5907539,redirected_to_other_dept,0
1082,237,224,join_fnol_que,0
1083,237,224,start_fnol,0
1084,228,224.303794,end_adj,0
1085,235,224.9372807,end_fnol,0
1086,235,224.9372807,redirected_to_other_dept,0
1087,237,225.6864785,end_fnol,0
1088,237,225.6864785,join_adj_que,0
1089,237,225.6864785,start_adj,0
1090,238,226,join_fnol_que,0
1091,238,226,start_fnol,0
1092,236,227.0366621,end_fnol,0
1093,236,227.0366621,redirected_to_other_dept,0
1094,229,227.1482832,end_adj,0
1095,237,227.6864785,end_adj,0
1096,238,228.6621811,end_fnol,0
1097,238,228.6621811,join_adj_que,0
1098,238,228.6621811,start_adj,0
1099,239,229,join_fnol_que,0
1100,239,229,start_fnol,0
1101,240,230,join_fnol_que,0
1102,240,230,start_fnol,0
1103,238,230.6621811,end_adj,0
1104,241,231,join_fnol_que,0
1105,241,231,start_fnol,0
1106,239,231.059677,end_fnol,0
1107,239,231.059677,redirected_to_other_dept,0
1108,242,232,join_fnol_que,0
1109,243,232,join_fnol_que,0
1110,242,232,start_fnol,0
1111,243,232,start_fnol,0
1112,244,233,join_fnol_que,0
1113,244,233,start_fnol,0
1114,243,233.2503194,end_fnol,0
1115,243,233.2503194,join_adj_que,0
1116,243,233.2503194,start_adj,0
1117,240,234.1498172,end_fnol,0
1118,240,234.1498172,join_adj_que,0
1119,240,234.1498172,start_adj,0
1120,241,235.0241179,end_fnol,0
1121,241,235.0241179,redirected_to_other_dept,0
1122,243,235.2503194,end_adj,0
1123,244,236.6854705,end_fnol,0
1124,244,236.6854705,redirected_to_other_dept,0
1125,242,236.9295899,end_fnol,0
1126,242,236.9295899,redirected_to_other_dept,0
1127,245,237,join_fnol_que,0
1128,245,237,start_fnol,0
1129,240,237.4996114,end_adj,0
1130,246,239,join_fnol_que,0
1131,247,239,join_fnol_que,0
1132,246,239,start_fnol,0
1133,247,239,start_fnol,0
1134,245,241.1277593,end_fnol,0
1135,245,241.1277593,redirected_to_other_dept,0
1136,246,241.4846282,end_fnol,0
1137,246,241.4846282,redirected_to_other_dept,0
1138,247,242.6541357,end_fnol,0
1139,247,242.6541357,redirected_to_other_dept,0
1140,248,244,join_fnol_que,0
1141,249,244,join_fnol_que,0
1142,250,244,join_fnol_que,0
1143,248,244,start_fnol,0
1144,249,244,start_fnol,0
1145,250,244,start_fnol,0
1146,251,245,join_fnol_que,0
1147,251,245,start_fnol,0
1148,252,246,join_fnol_que,0
1149,252,246,start_fnol,0
1150,248,246.2362546,end_fnol,0
1151,248,246.2362546,redirected_to_other_dept,0
1152,253,247,join_fnol_que,0
1153,253,247,start_fnol,0
1154,250,248.0241827,end_fnol,0
1155,250,248.0241827,redirected_to_other_dept,0
1156,249,248.9901761,end_fnol,0
1157,249,248.9901761,join_adj_que,0
1158,249,248.9901761,start_adj,0
1159,254,249,join_fnol_que,0
1160,254,249,start_fnol,0
1161,251,249.2341491,end_fnol,0
1162,251,249.2341491,redirected_to_other_dept,0
1163,253,249.3352711,end_fnol,0
1164,253,249.3352711,redirected_to_other_dept,0
1165,252,249.9861463,end_fnol,0
1166,252,249.9861463,redirected_to_other_dept,0
1167,255,250,join_fnol_que,0
1168,256,250,join_fnol_que,0
1169,255,250,start_fnol,0
1170,256,250,start_fnol,0
1171,254,250.6635298,end_fnol,0
1172,254,250.6635298,redirected_to_other_dept,0
1173,249,250.9901761,end_adj,0
1174,257,251,join_fnol_que,0
1175,257,251,start_fnol,0
1176,258,252,join_fnol_que,0
1177,258,252,start_fnol,0
1178,256,252.7251646,end_fnol,0
1179,256,252.7251646,join_adj_que,0
1180,256,252.7251646,start_adj,0
1181,255,252.8924543,end_fnol,0
1182,255,252.8924543,redirected_to_other_dept,0
1183,259,254,join_fnol_que,0
1184,259,254,start_fnol,0
1185,257,254.166632,end_fnol,0
1186,257,254.166632,join_adj_que,0
1187,257,254.166632,start_adj,0
1188,256,254.7251646,end_adj,0
1189,258,256.807049,end_fnol,0
1190,258,256.807049,join_adj_que,0
1191,258,256.807049,start_adj,0
1192,260,257,join_fnol_que,0
1193,260,257,start_fnol,0
1194,261,258,join_fnol_que,0
1195,262,258,join_fnol_que,0
1196,263,258,join_fnol_que,0
1197,261,258,start_fnol,0
1198,262,258,start_fnol,0
1199,263,258,start_fnol,0
1200,259,258.6485209,end_fnol,0
1201,259,258.6485209,join_adj_que,0
1202,259,258.6485209,start_adj,0
1203,264,259,join_fnol_que,0
1204,264,259,start_fnol,0
1205,261,259.0988689,end_fnol,0
1206,261,259.0988689,redirected_to_other_dept,0
1207,257,259.2816266,end_adj,0
1208,265,260,join_fnol_que,0
1209,265,260,start_fnol,0
1210,262,260.4662143,end_fnol,0
1211,262,260.4662143,redirected_to_other_dept,0
1212,260,260.5736826,end_fnol,0
1213,260,260.5736826,redirected_to_other_dept,0
1214,266,261,join_fnol_que,0
1215,267,261,join_fnol_que,0
1216,266,261,start_fnol,0
1217,267,261,start_fnol,0
1218,265,261.0579738,end_fnol,0
1219,265,261.0579738,redirected_to_other_dept,0
1220,264,261.2467773,end_fnol,0
1221,264,261.2467773,redirected_to_other_dept,0
1222,258,261.5409435,end_adj,0
1223,263,261.7117507,end_fnol,0
1224,263,261.7117507,redirected_to_other_dept,0
1225,268,262,join_fnol_que,0
1226,268,262,start_fnol,0
1227,269,263,join_fnol_que,0
1228,269,263,start_fnol,0
1229,267,263.3282759,end_fnol,0
1230,267,263.3282759,redirected_to_other_dept,0
1231,259,263.6388034,end_adj,0
1232,270,264,join_fnol_que,0
1233,271,264,join_fnol_que,0
1234,270,264,start_fnol,0
1235,271,264,start_fnol,0
1236,270,265.5121212,end_fnol,0
1237,270,265.5121212,redirected_to_other_dept,0
1238,266,265.6211284,end_fnol,0
1239,266,265.6211284,join_adj_que,0
1240,266,265.6211284,start_adj,0
1241,268,265.6721342,end_fnol,0
1242,268,265.6721342,redirected_to_other_dept,0
1243,272,266,join_fnol_que,0
1244,272,266,start_fnol,0
1245,269,266.6959118,end_fnol,0
1246,269,266.6959118,redirected_to_other_dept,0
1247,271,267.3258801,end_fnol,0
1248,271,267.3258801,join_adj_que,0
1249,271,267.3258801,start_adj,0
1250,266,267.6814469,end_adj,0
1251,273,268,join_fnol_que,0
1252,274,268,join_fnol_que,0
1253,273,268,start_fnol,0
1254,274,268,start_fnol,0
1255,275,269,join_fnol_que,0
1256,275,269,start_fnol,0
1257,272,269.4203164,end_fnol,0
1258,272,269.4203164,join_adj_que,0
1259,272,269.4203164,start_adj,0
1260,274,269.4204674,end_fnol,0
1261,274,269.4204674,redirected_to_other_dept,0
1262,273,269.9299459,end_fnol,0
1263,273,269.9299459,join_adj_que,0
1264,273,269.9299459,start_adj,0
1265,276,270,join_fnol_que,0
1266,277,270,join_fnol_que,0
1267,278,270,join_fnol_que,0
1268,276,270,start_fnol,0
1269,279,270,join_fnol_que,0
1270,277,270,start_fnol,0
1271,278,270,start_fnol,0
1272,279,270,start_fnol,0
1273,280,271,join_fnol_que,0
1274,275,271.3524578,end_fnol,1
1275,275,271.3524578,redirected_to_other_dept,1
1276,280,271.3524578,start_fnol,0
1277,272,271.4203164,end_adj,0
1278,276,271.7348186,end_fnol,0
1279,276,271.7348186,redirected_to_other_dept,0
1280,273,271.9299459,end_adj,0
1281,281,272,join_fnol_que,0
1282,281,272,start_fnol,0
1283,280,273.0051389,end_fnol,0
1284,280,273.0051389,redirected_to_other_dept,0
1285,278,273.0431267,end_fnol,0
1286,278,273.0431267,join_adj_que,0
1287,278,273.0431267,start_adj,0
1288,277,273.0449076,end_fnol,0
1289,277,273.0449076,redirected_to_other_dept,0
1290,281,274.2702675,end_fnol,0
1291,281,274.2702675,redirected_to_other_dept,0
1292,279,274.7386344,end_fnol,0
1293,279,274.7386344,redirected_to_other_dept,0
1294,282,275,join_fnol_que,0
1295,282,275,start_fnol,0
1296,271,276.8068403,end_adj,0
1297,283,277,join_fnol_que,0
1298,283,277,start_fnol,0
1299,282,277.3875401,end_fnol,0
1300,282,277.3875401,redirected_to_other_dept,0
1301,284,279,join_fnol_que,0
1302,284,279,start_fnol,0
1303,285,280,join_fnol_que,0
1304,286,280,join_fnol_que,0
1305,287,280,join_fnol_que,0
1306,285,280,start_fnol,0
1307,288,280,join_fnol_que,0
1308,286,280,start_fnol,1
1309,287,280,start_fnol,1
1310,283,280.4358231,end_fnol,1
1311,283,280.4358231,redirected_to_other_dept,1
1312,288,280.4358231,start_fnol,0
1313,289,281,join_fnol_que,0
1314,288,281.8488209,end_fnol,1
1315,288,281.8488209,redirected_to_other_dept,1
1316,289,281.8488209,start_fnol,0
1317,284,282.2585696,end_fnol,0
1318,284,282.2585696,redirected_to_other_dept,0
1319,278,282.5867429,end_adj,0
1320,287,283.5324118,end_fnol,0
1321,287,283.5324118,redirected_to_other_dept,0
1322,285,283.6035171,end_fnol,0
1323,285,283.6035171,redirected_to_other_dept,0
1324,286,284.308892,end_fnol,0
1325,286,284.308892,redirected_to_other_dept,0
1326,290,285,join_fnol_que,0
1327,290,285,start_fnol,0
1328,291,286,join_fnol_que,0
1329,292,286,join_fnol_que,0
1330,293,286,join_fnol_que,0
1331,291,286,start_fnol,0
1332,292,286,start_fnol,0
1333,293,286,start_fnol,0
1334,289,286.2688488,end_fnol,0
1335,289,286.2688488,join_adj_que,0
1336,289,286.2688488,start_adj,0
1337,294,287,join_fnol_que,0
1338,294,287,start_fnol,0
1339,293,287.1166791,end_fnol,0
1340,293,287.1166791,redirected_to_other_dept,0
1341,292,287.7242479,end_fnol,0
1342,292,287.7242479,redirected_to_other_dept,0
1343,295,288,join_fnol_que,0
1344,296,288,join_fnol_que,0
1345,297,288,join_fnol_que,0
1346,295,288,start_fnol,1
1347,298,288,join_fnol_que,1
1348,296,288,start_fnol,2
1349,299,289,join_fnol_que,2
1350,300,289,join_fnol_que,3
1351,291,289.3466294,end_fnol,4
1352,291,289.3466294,redirected_to_other_dept,4
1353,297,289.3466294,start_fnol,3
1354,290,289.6492361,end_fnol,3
1355,290,289.6492361,redirected_to_other_dept,3
1356,298,289.6492361,start_fnol,2
1357,294,289.8212432,end_fnol,2
1358,294,289.8212432,redirected_to_other_dept,2
1359,299,289.8212432,start_fnol,1
1360,301,290,join_fnol_que,1
1361,302,290,join_fnol_que,2
1362,295,290.1804231,end_fnol,3
1363,295,290.1804231,join_adj_que,3
1364,295,290.1804231,start_adj,2
1365,300,290.1804231,start_fnol,2
1366,303,291,join_fnol_que,2
1367,298,291.450954,end_fnol,3
1368,298,291.450954,join_adj_que,3
1369,298,291.450954,start_adj,2
1370,301,291.450954,start_fnol,2
1371,304,292,join_fnol_que,2
1372,295,292.1804231,end_adj,3
1373,296,292.4705122,end_fnol,3
1374,296,292.4705122,redirected_to_other_dept,3
1375,302,292.4705122,start_fnol,2
1376,299,292.7498212,end_fnol,2
1377,299,292.7498212,join_adj_que,2
1378,299,292.7498212,start_adj,1
1379,303,292.7498212,start_fnol,1
1380,297,293.0055079,end_fnol,1
1381,297,293.0055079,redirected_to_other_dept,1
1382,304,293.0055079,start_fnol,0
1383,305,294,join_fnol_que,0
1384,302,294.1849578,end_fnol,1
1385,302,294.1849578,join_adj_que,1
1386,302,294.1849578,start_adj,0
1387,305,294.1849578,start_fnol,0
1388,300,294.5795639,end_fnol,0
1389,300,294.5795639,redirected_to_other_dept,0
1390,306,295,join_fnol_que,0
1391,307,295,join_fnol_que,0
1392,306,295,start_fnol,1
1393,301,295.7385735,end_fnol,1
1394,301,295.7385735,join_adj_que,1
1395,301,295.7385735,start_adj,0
1396,307,295.7385735,start_fnol,0
1397,289,296.2688488,end_adj,0
1398,303,296.59139,end_fnol,0
1399,303,296.59139,redirected_to_other_dept,0
1400,304,296.7376322,end_fnol,0
1401,304,296.7376322,redirected_to_other_dept,0
1402,299,296.9256537,end_adj,0
1403,308,297,join_fnol_que,0
1404,308,297,start_fnol,0
1405,306,297.1086067,end_fnol,0
1406,306,297.1086067,join_adj_que,0
1407,306,297.1086067,start_adj,0
1408,305,297.1254149,end_fnol,0
1409,305,297.1254149,join_adj_que,0
1410,305,297.1254149,start_adj,0
1411,301,297.7385735,end_adj,0
1412,298,299.3783154,end_adj,0
1413,308,299.4237902,end_fnol,0
1414,308,299.4237902,redirected_to_other_dept,0
1415,302,299.8332648,end_adj,0
1416,309,300,join_fnol_que,0
1417,309,300,start_fnol,0
1418,307,300.0152083,end_fnol,0
1419,307,300.0152083,join_adj_que,0
1420,307,300.0152083,start_adj,0
1421,307,302.0152083,end_adj,0
1422,309,302.4875084,end_fnol,0
1423,309,302.4875084,redirected_to_other_dept,0
1424,310,303,join_fnol_que,0
1425,310,303,start_fnol,0
1426,305,303.0532853,end_adj,0
1427,306,303.3100169,end_adj,0
1428,311,304,join_fnol_que,0
1429,311,304,start_fnol,0
1430,312,305,join_fnol_que,0
1431,312,305,start_fnol,0
1432,311,307.5158237,end_fnol,0
1433,311,307.5158237,redirected_to_other_dept,0
1434,310,307.9869101,end_fnol,0
1435,310,307.9869101,redirected_to_other_dept,0
1436,313,308,join_fnol_que,0
1437,313,308,start_fnol,0
1438,312,308.1639196,end_fnol,0
1439,312,308.1639196,join_adj_que,0
1440,312,308.1639196,start_adj,0
1441,314,311,join_fnol_que,0
1442,314,311,start_fnol,0
1443,312,311.1950784,end_adj,0
1444,313,312.6762178,end_fnol,0
1445,313,312.6762178,join_adj_que,0
1446,313,312.6762178,start_adj,0
1447,314,312.6912514,end_fnol,0
1448,314,312.6912514,redirected_to_other_dept,0
1449,315,313,join_fnol_que,0
1450,316,313,join_fnol_que,0
1451,315,313,start_fnol,0
1452,316,313,start_fnol,0
1453,317,314,join_fnol_que,0
1454,317,314,start_fnol,0
1455,315,314.6232329,end_fnol,0
1456,315,314.6232329,join_adj_que,0
1457,315,314.6232329,start_adj,0
1458,316,315.3883836,end_fnol,0
1459,316,315.3883836,redirected_to_other_dept,0
1460,317,315.3916816,end_fnol,0
1461,317,315.3916816,join_adj_que,0
1462,317,315.3916816,start_adj,0
1463,313,315.6714144,end_adj,0
1464,318,316,join_fnol_que,0
1465,318,316,start_fnol,0
1466,315,316.6232329,end_adj,0
1467,319,317,join_fnol_que,0
1468,320,317,join_fnol_que,0
1469,321,317,join_fnol_que,0
1470,319,317,start_fnol,0
1471,320,317,start_fnol,0
1472,321,317,start_fnol,0
1473,317,317.3916816,end_adj,0
1474,318,317.6609935,end_fnol,0
1475,318,317.6609935,join_adj_que,0
1476,318,317.6609935,start_adj,0
1477,322,318,join_fnol_que,0
1478,322,318,start_fnol,0
1479,323,319,join_fnol_que,0
1480,323,319,start_fnol,0
1481,318,319.6609935,end_adj,0
1482,320,319.9891634,end_fnol,0
1483,320,319.9891634,redirected_to_other_dept,0
1484,324,320,join_fnol_que,0
1485,325,320,join_fnol_que,0
1486,324,320,start_fnol,1
1487,321,320.5243166,end_fnol,1
1488,321,320.5243166,redirected_to_other_dept,1
1489,325,320.5243166,start_fnol,0
1490,326,321,join_fnol_que,0
1491,319,321.2364761,end_fnol,1
1492,319,321.2364761,join_adj_que,1
1493,319,321.2364761,start_adj,0
1494,326,321.2364761,start_fnol,0
1495,323,321.9446872,end_fnol,0
1496,323,321.9446872,join_adj_que,0
1497,323,321.9446872,start_adj,0
1498,327,322,join_fnol_que,0
1499,327,322,start_fnol,0
1500,322,322.8883835,end_fnol,0
1501,322,322.8883835,redirected_to_other_dept,0
1502,328,323,join_fnol_que,0
1503,329,323,join_fnol_que,0
1504,330,323,join_fnol_que,1
1505,328,323,start_fnol,2
1506,324,323.0681095,end_fnol,2
1507,324,323.0681095,redirected_to_other_dept,2
1508,329,323.0681095,start_fnol,1
1509,323,323.9446872,end_adj,1
1510,331,324,join_fnol_que,1
1511,329,324.2716444,end_fnol,2
1512,329,324.2716444,redirected_to_other_dept,2
1513,330,324.2716444,start_fnol,1
1514,332,325,join_fnol_que,1
1515,325,325.1729161,end_fnol,2
1516,325,325.1729161,redirected_to_other_dept,2
1517,331,325.1729161,start_fnol,1
1518,328,325.1950352,end_fnol,1
1519,328,325.1950352,join_adj_que,1
1520,328,325.1950352,start_adj,0
1521,332,325.1950352,start_fnol,0
1522,326,325.7687545,end_fnol,0
1523,326,325.7687545,redirected_to_other_dept,0
1524,333,326,join_fnol_que,0
1525,334,326,join_fnol_que,0
1526,333,326,start_fnol,1
1527,327,326.3837357,end_fnol,1
1528,327,326.3837357,redirected_to_other_dept,1
1529,334,326.3837357,start_fnol,0
1530,331,326.8929751,end_fnol,0
1531,331,326.8929751,join_adj_que,0
1532,331,326.8929751,start_adj,0
1533,330,327.1123689,end_fnol,0
1534,330,327.1123689,redirected_to_other_dept,0
1535,328,327.1950352,end_adj,0
1536,332,327.6067631,end_fnol,0
1537,332,327.6067631,redirected_to_other_dept,0
1538,335,328,join_fnol_que,0
1539,335,328,start_fnol,0
1540,334,328.8091375,end_fnol,0
1541,334,328.8091375,redirected_to_other_dept,0
1542,336,330,join_fnol_que,0
1543,336,330,start_fnol,0
1544,333,330.3251585,end_fnol,0
1545,333,330.3251585,redirected_to_other_dept,0
1546,335,330.4677767,end_fnol,0
1547,335,330.4677767,redirected_to_other_dept,0
1548,319,331.2364761,end_adj,0
1549,337,332,join_fnol_que,0
1550,338,332,join_fnol_que,0
1551,337,332,start_fnol,0
1552,338,332,start_fnol,0
1553,339,333,join_fnol_que,0
1554,339,333,start_fnol,0
1555,336,333.0962589,end_fnol,0
1556,336,333.0962589,redirected_to_other_dept,0
1557,337,334.9056859,end_fnol,0
1558,337,334.9056859,redirected_to_other_dept,0
1559,340,335,join_fnol_que,0
1560,341,335,join_fnol_que,0
1561,340,335,start_fnol,0
1562,341,335,start_fnol,0
1563,338,335.7324448,end_fnol,0
1564,338,335.7324448,join_adj_que,0
1565,338,335.7324448,start_adj,0
1566,342,336,join_fnol_que,0
1567,343,336,join_fnol_que,0
1568,342,336,start_fnol,0
1569,343,336,start_fnol,0
1570,341,336.3338231,end_fnol,0
1571,341,336.3338231,redirected_to_other_dept,0
1572,340,336.7929838,end_fnol,0
1573,340,336.7929838,redirected_to_other_dept,0
1574,331,336.8929751,end_adj,0
1575,344,337,join_fnol_que,0
1576,344,337,start_fnol,0
1577,339,337.3424058,end_fnol,0
1578,339,337.3424058,redirected_to_other_dept,0
1579,345,338,join_fnol_que,0
1580,345,338,start_fnol,0
1581,338,338.0801237,end_adj,0
1582,342,339.0364559,end_fnol,0
1583,342,339.0364559,join_adj_que,0
1584,342,339.0364559,start_adj,0
1585,344,339.5760994,end_fnol,0
1586,344,339.5760994,redirected_to_other_dept,0
1587,343,340.6295755,end_fnol,0
1588,343,340.6295755,join_adj_que,0
1589,343,340.6295755,start_adj,0
1590,346,341,join_fnol_que,0
1591,346,341,start_fnol,0
1592,345,342.4270756,end_fnol,0
1593,345,342.4270756,join_adj_que,0
1594,345,342.4270756,start_adj,0
1595,346,342.4810855,end_fnol,0
1596,346,342.4810855,redirected_to_other_dept,0
1597,347,343,join_fnol_que,0
1598,347,343,start_fnol,0
1599,343,343.9789698,end_adj,0
1600,348,344,join_fnol_que,0
1601,348,344,start_fnol,0
1602,345,344.4270756,end_adj,0
1603,349,345,join_fnol_que,0
1604,350,345,join_fnol_que,0
1605,349,345,start_fnol,0
1606,350,345,start_fnol,0
1607,350,346.6276874,end_fnol,0
1608,350,346.6276874,join_adj_que,0
1609,350,346.6276874,start_adj,0
1610,347,346.6646538,end_fnol,0
1611,347,346.6646538,redirected_to_other_dept,0
1612,342,347.0557288,end_adj,0
1613,351,348,join_fnol_que,0
1614,352,348,join_fnol_que,0
1615,353,348,join_fnol_que,0
1616,351,348,start_fnol,0
1617,354,348,join_fnol_que,0
1618,352,348,start_fnol,1
1619,355,348,join_fnol_que,1
1620,353,348,start_fnol,2
1621,348,348.5900078,end_fnol,2
1622,348,348.5900078,join_adj_que,2
1623,348,348.5900078,start_adj,1
1624,354,348.5900078,start_fnol,1
1625,349,348.7749274,end_fnol,1
1626,349,348.7749274,join_adj_que,1
1627,349,348.7749274,start_adj,0
1628,355,348.7749274,start_fnol,0
1629,356,349,join_fnol_que,0
1630,352,349.8884673,end_fnol,1
1631,352,349.8884673,redirected_to_other_dept,1
1632,356,349.8884673,start_fnol,0
1633,357,350,join_fnol_que,0
1634,353,350.4175583,end_fnol,1
1635,353,350.4175583,join_adj_que,1
1636,353,350.4175583,start_adj,0
1637,357,350.4175583,start_fnol,0
1638,348,350.5900078,end_adj,0
1639,355,350.6844083,end_fnol,0
1640,355,350.6844083,redirected_to_other_dept,0
1641,350,350.7766347,end_adj,0
1642,354,350.9247643,end_fnol,0
1643,354,350.9247643,join_adj_que,0
1644,354,350.9247643,start_adj,0
1645,358,351,join_fnol_que,0
1646,358,351,start_fnol,0
1647,351,351.8663193,end_fnol,0
1648,351,351.8663193,redirected_to_other_dept,0
1649,359,352,join_fnol_que,0
1650,360,352,join_fnol_que,0
1651,359,352,start_fnol,0
1652,360,352,start_fnol,0
1653,349,352.4240152,end_adj,0
1654,354,353.1796214,end_adj,0
1655,360,353.6758794,end_fnol,0
1656,360,353.6758794,redirected_to_other_dept,0
1657,361,354,join_fnol_que,0
1658,361,354,start_fnol,0
1659,359,354.2910438,end_fnol,0
1660,359,354.2910438,join_adj_que,0
1661,359,354.2910438,start_adj,0
1662,358,354.4450131,end_fnol,0
1663,358,354.4450131,redirected_to_other_dept,0
1664,356,354.6375217,end_fnol,0
1665,356,354.6375217,join_adj_que,0
1666,356,354.6375217,start_adj,0
1667,353,354.6946072,end_adj,0
1668,357,354.93709,end_fnol,0
1669,357,354.93709,join_adj_que,0
1670,357,354.93709,start_adj,0
1671,362,355,join_fnol_que,0
1672,362,355,start_fnol,0
1673,359,356.2910438,end_adj,0
1674,362,356.4716756,end_fnol,0
1675,362,356.4716756,redirected_to_other_dept,0
1676,361,356.8310678,end_fnol,0
1677,361,356.8310678,redirected_to_other_dept,0
1678,363,357,join_fnol_que,0
1679,363,357,start_fnol,0
1680,356,357.2790883,end_adj,0
1681,364,358,join_fnol_que,0
1682,364,358,start_fnol,0
1683,365,359,join_fnol_que,0
1684,365,359,start_fnol,0
1685,364,359.9252231,end_fnol,0
1686,364,359.9252231,redirected_to_other_dept,0
1687,366,360,join_fnol_que,0
1688,366,360,start_fnol,0
1689,357,360.5067199,end_adj,0
1690,363,360.6723128,end_fnol,0
1691,363,360.6723128,join_adj_que,0
1692,363,360.6723128,start_adj,0
1693,365,362.9871689,end_fnol,0
1694,365,362.9871689,redirected_to_other_dept,0
1695,367,363,join_fnol_que,0
1696,368,363,join_fnol_que,0
1697,369,363,join_fnol_que,0
1698,367,363,start_fnol,0
1699,370,363,join_fnol_que,0
1700,368,363,start_fnol,0
1701,371,363,join_fnol_que,0
1702,369,363,start_fnol,1
1703,372,363,join_fnol_que,1
1704,370,363,start_fnol,2
1705,373,363,join_fnol_que,2
1706,366,363.0053385,end_fnol,3
1707,366,363.0053385,redirected_to_other_dept,3
1708,371,363.0053385,start_fnol,2
1709,368,364.3111838,end_fnol,2
1710,368,364.3111838,redirected_to_other_dept,2
1711,372,364.3111838,start_fnol,1
1712,367,364.4424674,end_fnol,1
1713,367,364.4424674,redirected_to_other_dept,1
1714,373,364.4424674,start_fnol,0
1715,370,364.8172722,end_fnol,0
1716,370,364.8172722,redirected_to_other_dept,0
1717,374,366,join_fnol_que,0
1718,374,366,start_fnol,0
1719,371,366.199838,end_fnol,0
1720,371,366.199838,redirected_to_other_dept,0
1721,373,366.3118307,end_fnol,0
1722,373,366.3118307,redirected_to_other_dept,0
1723,374,367.1661245,end_fnol,0
1724,374,367.1661245,redirected_to_other_dept,0
1725,369,367.2644552,end_fnol,0
1726,369,367.2644552,join_adj_que,0
1727,369,367.2644552,start_adj,0
1728,372,367.8422631,end_fnol,0
1729,372,367.8422631,join_adj_que,0
1730,372,367.8422631,start_adj,0
1731,375,368,join_fnol_que,0
1732,375,368,start_fnol,0
1733,376,369,join_fnol_que,0
1734,376,369,start_fnol,0
1735,363,369.4638719,end_adj,0
1736,375,369.8546317,end_fnol,0
1737,375,369.8546317,redirected_to_other_dept,0
1738,377,372,join_fnol_que,0
1739,377,372,start_fnol,0
1740,372,372.9529725,end_adj,0
1741,378,373,join_fnol_que,0
1742,378,373,start_fnol,0
1743,377,373.3769689,end_fnol,0
1744,377,373.3769689,join_adj_que,0
1745,377,373.3769689,start_adj,0
1746,376,373.7591329,end_fnol,0
1747,376,373.7591329,redirected_to_other_dept,0
1748,379,374,join_fnol_que,0
1749,379,374,start_fnol,0
1750,380,375,join_fnol_que,0
1751,381,375,join_fnol_que,0
1752,380,375,start_fnol,0
1753,381,375,start_fnol,0
1754,378,376.7718127,end_fnol,0
1755,378,376.7718127,join_adj_que,0
1756,378,376.7718127,start_adj,0
1757,369,377.2644552,end_adj,0
1758,381,377.2877577,end_fnol,0
1759,381,377.2877577,join_adj_que,0
1760,381,377.2877577,start_adj,0
1761,382,378,join_fnol_que,0
1762,383,378,join_fnol_que,0
1763,382,378,start_fnol,0
1764,383,378,start_fnol,0
1765,378,378.7718127,end_adj,0
1766,379,378.9801564,end_fnol,0
1767,379,378.9801564,join_adj_que,0
1768,379,378.9801564,start_adj,0
1769,384,379,join_fnol_que,0
1770,384,379,start_fnol,0
1771,380,379.1743222,end_fnol,0
1772,380,379.1743222,redirected_to_other_dept,0
1773,377,379.8790463,end_adj,0
1774,383,379.8810871,end_fnol,0
1775,383,379.8810871,join_adj_que,0
1776,383,379.8810871,start_adj,0
1777,382,381.331799,end_fnol,0
1778,382,381.331799,redirected_to_other_dept,0
1779,381,381.7541671,end_adj,0
1780,379,381.8105964,end_adj,0
1781,383,381.8810871,end_adj,0
1782,384,382.827418,end_fnol,0
1783,384,382.827418,redirected_to_other_dept,0
1784,385,383,join_fnol_que,0
1785,385,383,start_fnol,0
1786,386,384,join_fnol_que,0
1787,387,384,join_fnol_que,0
1788,388,384,join_fnol_que,0
1789,386,384,start_fnol,0
1790,389,384,join_fnol_que,0
1791,387,384,start_fnol,0
1792,390,384,join_fnol_que,0
1793,388,384,start_fnol,1
1794,391,384,join_fnol_que,1
1795,389,384,start_fnol,2
1796,385,384.9049003,end_fnol,2
1797,385,384.9049003,redirected_to_other_dept,2
1798,390,384.9049003,start_fnol,1
1799,387,385.3447159,end_fnol,1
1800,387,385.3447159,redirected_to_other_dept,1
1801,391,385.3447159,start_fnol,0
1802,392,386,join_fnol_que,0
1803,391,386.7476205,end_fnol,1
1804,391,386.7476205,join_adj_que,1
1805,391,386.7476205,start_adj,0
1806,392,386.7476205,start_fnol,0
1807,389,387.0746234,end_fnol,0
1808,389,387.0746234,redirected_to_other_dept,0
1809,392,387.86572,end_fnol,0
1810,392,387.86572,join_adj_que,0
1811,392,387.86572,start_adj,0
1812,393,388,join_fnol_que,0
1813,393,388,start_fnol,0
1814,386,388.2018026,end_fnol,0
1815,386,388.2018026,join_adj_que,0
1816,386,388.2018026,start_adj,0
1817,390,388.4474021,end_fnol,0
1818,390,388.4474021,join_adj_que,0
1819,390,388.4474021,start_adj,0
1820,388,388.5774158,end_fnol,0
1821,388,388.5774158,join_adj_que,0
1822,388,388.5774158,start_adj,0
1823,391,389.0445423,end_adj,0
1824,393,389.5069354,end_fnol,0
1825,393,389.5069354,join_adj_que,0
1826,393,389.5069354,start_adj,0
1827,394,390,join_fnol_que,0
1828,394,390,start_fnol,0
1829,392,390.2592756,end_adj,0
1830,394,391.9472156,end_fnol,0
1831,394,391.9472156,join_adj_que,0
1832,394,391.9472156,start_adj,0
1833,395,392,join_fnol_que,0
1834,395,392,start_fnol,0
1835,390,392.2588734,end_adj,0
1836,386,392.7856111,end_adj,0
1837,396,393,join_fnol_que,0
1838,396,393,start_fnol,0
1839,397,394,join_fnol_que,0
1840,397,394,start_fnol,0
1841,396,394.1705839,end_fnol,0
1842,396,394.1705839,join_adj_que,0
1843,396,394.1705839,start_adj,0
1844,388,394.5605075,end_adj,0
1845,395,395.8146336,end_fnol,0
1846,395,395.8146336,redirected_to_other_dept,0
1847,398,396,join_fnol_que,0
1848,398,396,start_fnol,0
1849,397,396.0661101,end_fnol,0
1850,397,396.0661101,redirected_to_other_dept,0
1851,399,397,join_fnol_que,0
1852,399,397,start_fnol,0
1853,400,398,join_fnol_que,0
1854,401,398,join_fnol_que,0
1855,402,398,join_fnol_que,0
1856,400,398,start_fnol,0
1857,401,398,start_fnol,0
1858,402,398,start_fnol,0
1859,393,398.8903128,end_adj,0
1860,403,399,join_fnol_que,0
1861,404,399,join_fnol_que,1
1862,398,399.3459958,end_fnol,2
1863,398,399.3459958,join_adj_que,2
1864,398,399.3459958,start_adj,1
1865,403,399.3459958,start_fnol,1
1866,394,399.5692393,end_adj,1
1867,399,399.6580474,end_fnol,1
1868,399,399.6580474,redirected_to_other_dept,1
1869,404,399.6580474,start_fnol,0
1870,405,400,join_fnol_que,0
1871,403,401.0087149,end_fnol,1
1872,403,401.0087149,redirected_to_other_dept,1
1873,405,401.0087149,start_fnol,0
1874,396,401.199314,end_adj,0
1875,404,401.2783171,end_fnol,0
1876,404,401.2783171,redirected_to_other_dept,0
1877,398,401.3459958,end_adj,0
1878,400,401.4339158,end_fnol,0
1879,400,401.4339158,join_adj_que,0
1880,400,401.4339158,start_adj,0
1881,401,401.9310599,end_fnol,0
1882,401,401.9310599,redirected_to_other_dept,0
1883,406,402,join_fnol_que,0
1884,407,402,join_fnol_que,0
1885,406,402,start_fnol,0
1886,407,402,start_fnol,0
1887,402,402.4911166,end_fnol,0
1888,402,402.4911166,redirected_to_other_dept,0
1889,400,403.4339158,end_adj,0
1890,408,404,join_fnol_que,0
1891,409,404,join_fnol_que,0
1892,408,404,start_fnol,0
1893,409,404,start_fnol,0
1894,405,404.7497715,end_fnol,0
1895,405,404.7497715,join_adj_que,0
1896,405,404.7497715,start_adj,0
1897,407,405.0430137,end_fnol,0
1898,407,405.0430137,join_adj_que,0
1899,407,405.0430137,start_adj,0
1900,410,406,join_fnol_que,0
1901,410,406,start_fnol,0
1902,408,406.5267834,end_fnol,0
1903,408,406.5267834,redirected_to_other_dept,0
1904,409,406.6521029,end_fnol,0
1905,409,406.6521029,redirected_to_other_dept,0
1906,406,406.8371088,end_fnol,0
1907,406,406.8371088,redirected_to_other_dept,0
1908,407,407.0795554,end_adj,0
1909,411,408,join_fnol_que,0
1910,412,408,join_fnol_que,0
1911,411,408,start_fnol,0
1912,412,408,start_fnol,0
1913,405,408.0648923,end_adj,0
1914,410,408.4267147,end_fnol,0
1915,410,408.4267147,join_adj_que,0
1916,410,408.4267147,start_adj,0
1917,413,409,join_fnol_que,0
1918,413,409,start_fnol,0
1919,412,409.3468692,end_fnol,0
1920,412,409.3468692,redirected_to_other_dept,0
1921,414,410,join_fnol_que,0
1922,415,410,join_fnol_que,0
1923,416,410,join_fnol_que,0
1924,414,410,start_fnol,0
1925,417,410,join_fnol_que,0
1926,415,410,start_fnol,1
1927,416,410,start_fnol,1
1928,418,411,join_fnol_que,1
1929,419,411,join_fnol_que,2
1930,413,411.2943904,end_fnol,3
1931,413,411.2943904,join_adj_que,3
1932,413,411.2943904,start_adj,2
1933,417,411.2943904,start_fnol,2
1934,411,411.8174538,end_fnol,2
1935,411,411.8174538,redirected_to_other_dept,2
1936,418,411.8174538,start_fnol,1
1937,420,412,join_fnol_que,1
1938,421,412,join_fnol_que,2
1939,415,413.0772941,end_fnol,3
1940,415,413.0772941,redirected_to_other_dept,3
1941,419,413.0772941,start_fnol,2
1942,414,413.3931691,end_fnol,2
1943,414,413.3931691,redirected_to_other_dept,2
1944,420,413.3931691,start_fnol,1
1945,422,414,join_fnol_que,1
1946,418,414.136276,end_fnol,2
1947,418,414.136276,redirected_to_other_dept,2
1948,421,414.136276,start_fnol,1
1949,419,414.8403854,end_fnol,1
1950,419,414.8403854,redirected_to_other_dept,1
1951,422,414.8403854,start_fnol,0
1952,417,414.8833861,end_fnol,0
1953,417,414.8833861,join_adj_que,0
1954,417,414.8833861,start_adj,0
1955,416,414.9940305,end_fnol,0
1956,416,414.9940305,redirected_to_other_dept,0
1957,420,415.3786566,end_fnol,0
1958,420,415.3786566,redirected_to_other_dept,0
1959,423,416,join_fnol_que,0
1960,423,416,start_fnol,0
1961,421,416.6419934,end_fnol,0
1962,421,416.6419934,join_adj_que,0
1963,421,416.6419934,start_adj,0
1964,417,416.8833861,end_adj,0
1965,424,417,join_fnol_que,0
1966,424,417,start_fnol,0
1967,422,417.9938152,end_fnol,0
1968,422,417.9938152,redirected_to_other_dept,0
1969,423,418.1697214,end_fnol,0
1970,423,418.1697214,join_adj_que,0
1971,423,418.1697214,start_adj,0
1972,424,418.3522371,end_fnol,0
1973,424,418.3522371,redirected_to_other_dept,0
1974,410,418.4267147,end_adj,0
1975,421,418.6419934,end_adj,0
1976,425,419,join_fnol_que,0
1977,425,419,start_fnol,0
1978,426,421,join_fnol_que,0
1979,426,421,start_fnol,0
1980,413,421.2943904,end_adj,0
1981,427,423,join_fnol_que,0
1982,427,423,start_fnol,0
1983,425,423.5126511,end_fnol,0
1984,425,423.5126511,redirected_to_other_dept,0
1985,428,424,join_fnol_que,0
1986,429,424,join_fnol_que,0
1987,430,424,join_fnol_que,0
1988,428,424,start_fnol,0
1989,431,424,join_fnol_que,0
1990,429,424,start_fnol,1
1991,430,424,start_fnol,1
1992,426,424.8878617,end_fnol,1
1993,426,424.8878617,redirected_to_other_dept,1
1994,431,424.8878617,start_fnol,0
1995,432,425,join_fnol_que,0
1996,433,425,join_fnol_que,1
1997,434,425,join_fnol_que,2
1998,435,425,join_fnol_que,3
1999,436,425,join_fnol_que,4
2000,428,425.2112086,end_fnol,5
2001,428,425.2112086,redirected_to_other_dept,5
2002,432,425.2112086,start_fnol,4
2003,429,425.247351,end_fnol,4
2004,429,425.247351,redirected_to_other_dept,4
2005,433,425.247351,start_fnol,3
2006,430,425.339321,end_fnol,3
2007,430,425.339321,redirected_to_other_dept,3
2008,434,425.339321,start_fnol,2
2009,427,425.7525889,end_fnol,2
2010,427,425.7525889,redirected_to_other_dept,2
2011,435,425.7525889,start_fnol,1
2012,437,426,join_fnol_que,1
2013,438,426,join_fnol_que,2
2014,439,426,join_fnol_que,3
2015,440,427,join_fnol_que,4
2016,441,427,join_fnol_que,5
2017,441,427,balk_fnol,5
2018,431,427.5014103,end_fnol,5
2019,431,427.5014103,join_adj_que,5
2020,431,427.5014103,start_adj,4
2021,436,427.5014103,start_fnol,4
2022,423,428.0937904,end_adj,4
2023,434,428.1469821,end_fnol,4
2024,434,428.1469821,join_adj_que,4
2025,434,428.1469821,start_adj,3
2026,437,428.1469821,start_fnol,3
2027,433,428.2284735,end_fnol,3
2028,433,428.2284735,join_adj_que,3
2029,433,428.2284735,start_adj,2
2030,438,428.2284735,start_fnol,2
2031,432,428.425038,end_fnol,2
2032,432,428.425038,join_adj_que,2
2033,432,428.425038,start_adj,1
2034,439,428.425038,start_fnol,1
2035,442,429,join_fnol_que,1
2036,431,429.5014103,end_adj,2
2037,443,430,join_fnol_que,2
2038,440,430.000235,renegged_fnol,3
2039,435,430.2263745,end_fnol,2
2040,435,430.2263745,redirected_to_other_dept,2
2041,442,430.2263745,start_fnol,1
2042,433,430.2284735,end_adj,1
2043,439,430.3654369,end_fnol,1
2044,439,430.3654369,redirected_to_other_dept,1
2045,443,430.3654369,start_fnol,0
2046,438,430.9202068,end_fnol,0
2047,438,430.9202068,redirected_to_other_dept,0
2048,444,431,join_fnol_que,0
2049,444,431,start_fnol,0
2050,436,431.6191157,end_fnol,0
2051,436,431.6191157,join_adj_que,0
2052,436,431.6191157,start_adj,0
2053,437,431.8625353,end_fnol,0
2054,437,431.8625353,join_adj_que,0
2055,437,431.8625353,start_adj,0
2056,445,432,join_fnol_que,0
2057,445,432,start_fnol,0
2058,442,432.0314486,end_fnol,0
2059,442,432.0314486,redirected_to_other_dept,0
2060,432,432.4347881,end_adj,0
2061,446,434,join_fnol_que,0
2062,446,434,start_fnol,0
2063,443,434.1950813,end_fnol,0
2064,443,434.1950813,redirected_to_other_dept,0
2065,436,434.7192228,end_adj,0
2066,447,435,join_fnol_que,0
2067,447,435,start_fnol,0
2068,445,435.2089643,end_fnol,0
2069,445,435.2089643,join_adj_que,0
2070,445,435.2089643,start_adj,0
2071,444,435.2546527,end_fnol,0
2072,444,435.2546527,redirected_to_other_dept,0
2073,447,436.7270001,end_fnol,0
2074,447,436.7270001,redirected_to_other_dept,0
2075,448,437,join_fnol_que,0
2076,448,437,start_fnol,0
2077,445,437.710294,end_adj,0
2078,449,438,join_fnol_que,0
2079,450,438,join_fnol_que,0
2080,451,438,join_fnol_que,0
2081,449,438,start_fnol,0
2082,452,438,join_fnol_que,0
2083,450,438,start_fnol,1
2084,451,438,start_fnol,1
2085,434,438.1469821,end_adj,1
2086,446,438.2508584,end_fnol,1
2087,446,438.2508584,join_adj_que,1
2088,446,438.2508584,start_adj,0
2089,452,438.2508584,start_fnol,0
2090,448,439.079947,end_fnol,0
2091,448,439.079947,redirected_to_other_dept,0
2092,449,440.4379125,end_fnol,0
2093,449,440.4379125,join_adj_que,0
2094,449,440.4379125,start_adj,0
2095,451,441.5040587,end_fnol,0
2096,451,441.5040587,redirected_to_other_dept,0
2097,437,441.8625353,end_adj,0
2098,452,441.8911232,end_fnol,0
2099,452,441.8911232,join_adj_que,0
2100,452,441.8911232,start_adj,0
2101,453,442,join_fnol_que,0
2102,453,442,start_fnol,0
2103,450,442.8102144,end_fnol,0
2104,450,442.8102144,redirected_to_other_dept,0
2105,454,443,join_fnol_que,0
2106,454,443,start_fnol,0
2107,452,443.8911232,end_adj,0
2108,453,444.2393215,end_fnol,0
2109,453,444.2393215,redirected_to_other_dept,0
2110,449,444.7721615,end_adj,0
2111,455,445,join_fnol_que,0
2112,455,445,start_fnol,0
2113,454,445.5772371,end_fnol,0
2114,454,445.5772371,redirected_to_other_dept,0
2115,456,447,join_fnol_que,0
2116,457,447,join_fnol_que,0
2117,456,447,start_fnol,0
2118,457,447,start_fnol,0
2119,446,447.1768924,end_adj,0
2120,458,448,join_fnol_que,0
2121,459,448,join_fnol_que,0
2122,458,448,start_fnol,0
2123,459,448,start_fnol,0
2124,455,448.8616745,end_fnol,0
2125,455,448.8616745,join_adj_que,0
2126,455,448.8616745,start_adj,0
2127,460,449,join_fnol_que,0
2128,460,449,start_fnol,0
2129,458,449.6436135,end_fnol,0
2130,458,449.6436135,redirected_to_other_dept,0
2131,456,449.8671807,end_fnol,0
2132,456,449.8671807,redirected_to_other_dept,0
2133,457,450.981427,end_fnol,0
2134,457,450.981427,join_adj_que,0
2135,457,450.981427,start_adj,0
2136,461,451,join_fnol_que,0
2137,462,451,join_fnol_que,0
2138,461,451,start_fnol,0
2139,462,451,start_fnol,0
2140,460,451.6472576,end_fnol,0
2141,460,451.6472576,redirected_to_other_dept,0
2142,459,451.9770689,end_fnol,0
2143,459,451.9770689,redirected_to_other_dept,0
2144,463,452,join_fnol_que,0
2145,463,452,start_fnol,0
2146,462,452.7100131,end_fnol,0
2147,462,452.7100131,redirected_to_other_dept,0
2148,464,453,join_fnol_que,0
2149,464,453,start_fnol,0
2150,461,453.3834953,end_fnol,0
2151,461,453.3834953,redirected_to_other_dept,0
2152,463,454.0783526,end_fnol,0
2153,463,454.0783526,redirected_to_other_dept,0
2154,465,455,join_fnol_que,0
2155,465,455,start_fnol,0
2156,464,455.5570782,end_fnol,0
2157,464,455.5570782,redirected_to_other_dept,0
2158,466,456,join_fnol_que,0
2159,467,456,join_fnol_que,0
2160,466,456,start_fnol,0
2161,467,456,start_fnol,0
2162,455,456.7467099,end_adj,0
2163,467,457.7644063,end_fnol,0
2164,467,457.7644063,redirected_to_other_dept,0
2165,468,458,join_fnol_que,0
2166,469,458,join_fnol_que,0
2167,468,458,start_fnol,0
2168,469,458,start_fnol,0
2169,466,458.0309486,end_fnol,0
2170,466,458.0309486,join_adj_que,0
2171,466,458.0309486,start_adj,0
2172,465,458.6492247,end_fnol,0
2173,465,458.6492247,redirected_to_other_dept,0
2174,470,459,join_fnol_que,0
2175,470,459,start_fnol,0
2176,471,460,join_fnol_que,0
2177,472,460,join_fnol_que,0
2178,473,460,join_fnol_que,0
2179,471,460,start_fnol,1
2180,474,460,join_fnol_que,1
2181,472,460,start_fnol,2
2182,470,460.846046,end_fnol,2
2183,470,460.846046,redirected_to_other_dept,2
2184,473,460.846046,start_fnol,1
2185,457,460.981427,end_adj,1
2186,475,461,join_fnol_que,1
2187,466,461.4018716,end_adj,2
2188,468,461.558177,end_fnol,2
2189,468,461.558177,join_adj_que,2
2190,468,461.558177,start_adj,1
2191,474,461.558177,start_fnol,1
2192,476,462,join_fnol_que,1
2193,469,462.3129044,end_fnol,2
2194,469,462.3129044,redirected_to_other_dept,2
2195,475,462.3129044,start_fnol,1
2196,477,463,join_fnol_que,1
2197,478,463,join_fnol_que,2
2198,474,463.5713747,end_fnol,3
2199,474,463.5713747,join_adj_que,3
2200,474,463.5713747,start_adj,2
2201,476,463.5713747,start_fnol,2
2202,473,463.970381,end_fnol,2
2203,473,463.970381,redirected_to_other_dept,2
2204,477,463.970381,start_fnol,1
2205,472,464.5474122,end_fnol,1
2206,472,464.5474122,redirected_to_other_dept,1
2207,478,464.5474122,start_fnol,0
2208,471,464.8285673,end_fnol,0
2209,471,464.8285673,redirected_to_other_dept,0
2210,468,466.5815038,end_adj,0
2211,479,467,join_fnol_que,0
2212,479,467,start_fnol,0
2213,475,467.124933,end_fnol,0
2214,475,467.124933,redirected_to_other_dept,0
2215,476,467.228965,end_fnol,0
2216,476,467.228965,redirected_to_other_dept,0
2217,477,467.5064814,end_fnol,0
2218,477,467.5064814,join_adj_que,0
2219,477,467.5064814,start_adj,0
2220,480,468,join_fnol_que,0
2221,480,468,start_fnol,0
2222,478,468.5074038,end_fnol,0
2223,478,468.5074038,redirected_to_other_dept,0
2224,481,469,join_fnol_que,0
2225,482,469,join_fnol_que,0
2226,481,469,start_fnol,0
2227,482,469,start_fnol,0
2228,479,469.8120542,end_fnol,0
2229,479,469.8120542,redirected_to_other_dept,0
2230,483,470,join_fnol_que,0
2231,483,470,start_fnol,0
2232,477,470.0050865,end_adj,0
2233,480,470.7900098,end_fnol,0
2234,480,470.7900098,join_adj_que,0
2235,480,470.7900098,start_adj,0
2236,482,471.132287,end_fnol,0
2237,482,471.132287,redirected_to_other_dept,0
2238,474,471.1568829,end_adj,0
2239,483,471.1600442,end_fnol,0
2240,483,471.1600442,redirected_to_other_dept,0
2241,480,472.7900098,end_adj,0
2242,484,473,join_fnol_que,0
2243,484,473,start_fnol,0
2244,481,473.6801708,end_fnol,0
2245,481,473.6801708,redirected_to_other_dept,0
2246,485,475,join_fnol_que,0
2247,486,475,join_fnol_que,0
2248,487,475,join_fnol_que,0
2249,485,475,start_fnol,0
2250,488,475,join_fnol_que,0
2251,486,475,start_fnol,0
2252,487,475,start_fnol,0
2253,488,475,start_fnol,0
2254,484,475.1712101,end_fnol,0
2255,484,475.1712101,join_adj_que,0
2256,484,475.1712101,start_adj,0
2257,489,476,join_fnol_que,0
2258,489,476,start_fnol,0
2259,485,476.5349269,end_fnol,0
2260,485,476.5349269,redirected_to_other_dept,0
2261,486,476.7928686,end_fnol,0
2262,486,476.7928686,redirected_to_other_dept,0
2263,484,477.1712101,end_adj,0
2264,490,478,join_fnol_que,0
2265,491,478,join_fnol_que,0
2266,490,478,start_fnol,0
2267,491,478,start_fnol,0
2268,487,478.1673984,end_fnol,0
2269,487,478.1673984,redirected_to_other_dept,0
2270,488,478.7443789,end_fnol,0
2271,488,478.7443789,redirected_to_other_dept,0
2272,492,479,join_fnol_que,0
2273,493,479,join_fnol_que,0
2274,492,479,start_fnol,0
2275,493,479,start_fnol,0
2276,489,479.0158514,end_fnol,0
2277,489,479.0158514,join_adj_que,0
2278,489,479.0158514,start_adj,0
